time,dbm,temperature,humidity,rtc_timestamp,latitude,longitude
89925,-79,29.684353,33.699795,2025-05-10 13:46:36.280,47.3940118,8.6501016
92265,-79,29.631292,33.687775,2025-05-10 13:46:39.403,47.3940118,8.6501016
95363,-83,29.648979,33.669746,2025-05-10 13:46:42.208,47.3940118,8.6501016
98169,-79,29.648979,33.639694,2025-05-10 13:46:44.568,47.3940118,8.6501016
100487,-81,29.684353,33.771915,2025-05-10 13:46:46.840,47.3940118,8.6501016
102807,-81,29.684353,33.859058,2025-05-10 13:46:49.166,47.3938923,8.6501632
105147,-81,29.613605,33.868073,2025-05-10 13:46:51.496,47.3938923,8.6501632
107451,-81,29.666668,33.946205,2025-05-10 13:46:53.803,47.3939127,8.6501297
109762,-83,29.560543,33.973248,2025-05-10 13:46:56.608,47.3939132,8.6501286
112549,-81,29.631292,34.213646,2025-05-10 13:46:59.058,47.3939132,8.6501286
114904,-81,29.648979,34.231678,2025-05-10 13:47:01.240,47.393913,8.6501289
117203,-83,29.631292,34.312813,2025-05-10 13:47:04.288,47.3939123,8.650127
120218,-83,29.648979,34.243698,2025-05-10 13:47:06.753,47.3939123,8.650127
122575,-83,29.648979,34.556213,2025-05-10 13:47:08.920,47.3939055,8.6501404
124878,-77,29.613605,34.601288,2025-05-10 13:47:13.402,47.3939062,8.6501398
129337,-79,29.666668,35.040016,2025-05-10 13:47:16.174,47.3939062,8.6501398
132078,-79,29.719727,35.208298,2025-05-10 13:47:18.457,47.3939062,8.6501398
134436,-81,29.719727,35.217312,2025-05-10 13:47:20.841,47.3939643,8.6502336
136791,-79,29.737415,35.148197,2025-05-10 13:47:23.807,47.3939643,8.6502336
139792,-75,29.755102,35.058048,2025-05-10 13:47:26.201,47.3940613,8.6504231
142164,-75,29.755102,35.006962,2025-05-10 13:47:28.529,47.3941572,8.6506114
144471,-79,29.808163,35.241352,2025-05-10 13:47:30.841,47.3941572,8.6506114
146792,-77,29.825851,35.382584,2025-05-10 13:47:33.730,47.3942838,8.6508363
149654,-81,29.825851,35.241352,2025-05-10 13:47:36.045,47.394434,8.6510756
151985,-77,29.843536,35.211304,2025-05-10 13:47:38.365,47.394434,8.6510756
154313,-77,29.825851,35.187263,2025-05-10 13:47:41.168,47.3944682,8.6512954
157118,-75,29.843536,35.085091,2025-05-10 13:47:43.565,47.3944682,8.6512954
159464,-75,29.914286,34.814644,2025-05-10 13:47:45.801,47.3943653,8.6515794
161758,-75,29.914286,34.79361,2025-05-10 13:47:48.861,47.3942928,8.6518221
164785,-75,29.967346,31.178614,2025-05-10 13:47:51.245,47.3942928,8.6518221
167147,-77,29.985035,34.883759,2025-05-10 13:47:53.571,47.3943992,8.6519931
169536,-73,30.073469,34.910805,2025-05-10 13:47:55.931,47.3943992,8.6519931
171858,-71,30.038095,35.478745,2025-05-10 13:47:58.689,47.3945233,8.6520687
174609,-65,30.108845,35.331501,2025-05-10 13:48:01.001,47.3945988,8.6523896
176949,-69,30.073469,35.009968,2025-05-10 13:48:05.887,47.3945771,8.6531115
181794,-73,30.179592,34.913807,2025-05-10 13:48:08.201,47.3945272,8.6539159
184148,-69,30.197279,35.166225,2025-05-10 13:48:10.532,47.3945272,8.6539159
186451,-69,30.25034,35.169231,2025-05-10 13:48:12.921,47.3944742,8.6544453
188812,-69,30.268028,35.331501,2025-05-10 13:48:15.165,47.3944742,8.6544453
191122,-69,30.285713,35.184258,2025-05-10 13:48:17.503,47.3944356,8.6546721
193459,-71,30.268028,35.094109,2025-05-10 13:48:19.927,47.3944356,8.6546721
195857,-75,30.321089,35.037014,2025-05-10 13:48:22.304,47.3943933,8.6551048
198253,-77,30.321089,34.934845,2025-05-10 13:48:26.143,47.3943296,8.6557561
202023,-89,30.409523,34.820656,2025-05-10 13:48:28.783,47.39422,8.6565356
204517,0,30.409523,35.151203,2025-05-10 13:48:30.933,47.39422,8.6565356
206859,-75,30.444897,35.034008,2025-05-10 13:48:33.258,47.3940568,8.6572962
209170,-75,30.427212,35.226326,2025-05-10 13:48:35.563,47.3940568,8.6572962
211484,-71,30.497959,27.22105,2025-05-10 13:48:37.927,47.393877,8.6580387
213812,-71,30.710205,28.176632,2025-05-10 13:48:40.255,47.3936815,8.6588303
216156,-77,30.922449,28.266785,2025-05-10 13:48:42.623,47.3936815,8.6588303
218529,-73,30.993198,35.439682,2025-05-10 13:48:45.359,47.3935041,8.6596448
221082,-73,30.904762,35.869392,2025-05-10 13:48:47.687,47.3935041,8.6596448
223428,-79,30.904762,35.589928,2025-05-10 13:48:49.999,47.3933324,8.6604269
225768,-69,31.134693,27.446423,2025-05-10 13:48:52.495,47.3931761,8.6611829
228192,-67,31.134693,35.313473,2025-05-10 13:48:56.765,47.3930228,8.6619427
232707,-71,31.028572,35.517811,2025-05-10 13:48:59.080,47.3930228,8.6619427
235001,-73,31.081633,35.466724,2025-05-10 13:49:02.053,47.3928895,8.662704
237968,-71,31.063946,35.024994,2025-05-10 13:49:04.363,47.3927203,8.6634916
240283,-71,30.97551,34.787598,2025-05-10 13:49:06.683,47.3927203,8.6634916
242600,-73,30.922449,34.526165,2025-05-10 13:49:09.007,47.3925359,8.6642758
244917,-71,30.887074,34.231678,2025-05-10 13:49:11.327,47.3925359,8.6642758
247238,-71,30.8517,34.183598,2025-05-10 13:49:13.665,47.3923533,8.665054
249576,-63,30.869389,33.967239,2025-05-10 13:49:15.967,47.3923533,8.665054
251872,-75,30.922449,33.771915,2025-05-10 13:49:18.295,47.392197,8.665836
254219,-73,30.8517,33.612652,2025-05-10 13:49:20.607,47.3920374,8.6665952
256516,-73,30.834015,33.507477,2025-05-10 13:49:23.023,47.3920374,8.6665952
258907,-73,30.816326,33.426342,2025-05-10 13:49:25.335,47.3918637,8.667407
261263,-71,30.780952,33.173923,2025-05-10 13:49:27.903,47.3918637,8.667407
263694,-73,30.780952,33.059734,2025-05-10 13:49:30.137,47.3916845,8.6681955
266058,-67,30.710205,32.966579,2025-05-10 13:49:32.535,47.3915273,8.6689447
268415,-69,30.639456,32.897465,2025-05-10 13:49:34.879,47.3915273,8.6689447
270767,-69,30.816326,31.488125,2025-05-10 13:49:37.215,47.3913662,8.6696424
273079,-69,31.117008,25.823734,2025-05-10 13:49:39.559,47.3913662,8.6696424
275408,-63,30.922449,32.599972,2025-05-10 13:49:41.839,47.3912115,8.6703335
277727,-63,30.904762,32.572926,2025-05-10 13:49:44.840,47.3910164,8.6709531
280620,-67,31.099319,24.474495,2025-05-10 13:49:47.160,47.3910164,8.6709531
283050,-67,31.4,24.177002,2025-05-10 13:49:51.172,47.3907443,8.6715281
286896,0,31.559185,23.885517,2025-05-10 13:49:53.495,47.3904297,8.6720413
289372,-75,31.417686,32.104149,2025-05-10 13:49:55.895,47.3904297,8.6720413
291788,-73,31.346939,31.980946,2025-05-10 13:49:58.679,47.3901177,8.6725497
294333,-73,31.470749,31.830694,2025-05-10 13:50:00.855,47.3898216,8.6730329
296749,-77,31.470749,29.16828,2025-05-10 13:50:03.191,47.3898216,8.6730329
299081,-73,31.346939,32.110157,2025-05-10 13:50:05.599,47.3895904,8.673501
301485,-73,31.559185,24.17099,2025-05-10 13:50:07.975,47.3895904,8.673501
303864,-73,31.70068,24.011726,2025-05-10 13:50:10.375,47.3895391,8.6736091
306211,-71,31.930613,23.993696,2025-05-10 13:50:13.415,47.3895442,8.6736276
309256,-65,32.05442,23.52492,2025-05-10 13:50:15.895,47.3895442,8.6736276
311747,-65,32.107483,22.788698,2025-05-10 13:50:18.775,47.3894474,8.6737526
314610,-71,32.001362,31.662418,2025-05-10 13:50:21.095,47.3895552,8.6739455
316977,-73,31.965986,31.650396,2025-05-10 13:50:23.495,47.3895552,8.6739455
319328,-71,32.107483,23.822412,2025-05-10 13:50:26.151,47.3896427,8.6736777
322028,0,32.337414,24.354294,2025-05-10 13:50:28.535,47.3897668,8.6732946
324363,-75,32.408165,24.534594,2025-05-10 13:50:30.871,47.3897668,8.6732946
326766,-73,32.372787,28.876795,2025-05-10 13:50:33.255,47.3899882,8.6728748
329161,-75,32.107483,31.142553,2025-05-10 13:50:35.767,47.3899882,8.6728748
331580,-73,31.983673,31.073437,2025-05-10 13:50:38.167,47.3902822,8.6723844
333964,-75,31.859863,30.932205,2025-05-10 13:50:40.535,47.3906057,8.6718358
336361,-77,31.771427,30.881123,2025-05-10 13:50:42.855,47.3906057,8.6718358
338734,-69,31.736053,30.893139,2025-05-10 13:50:46.696,47.3909349,8.6712803
342591,-63,31.647619,30.805996,2025-05-10 13:50:49.250,47.3911952,8.6706546
345123,-61,31.912926,23.014072,2025-05-10 13:50:51.587,47.3911952,8.6706546
347454,-63,32.107483,22.821753,2025-05-10 13:50:54.015,47.3913608,8.6699491
349844,-61,32.231293,23.188362,2025-05-10 13:50:56.647,47.3915035,8.6692365
352293,0,32.266666,23.152302,2025-05-10 13:50:59.091,47.3915035,8.6692365
354815,-65,32.42585,23.302551,2025-05-10 13:51:01.303,47.3916644,8.6684848
357136,-67,32.478912,23.389694,2025-05-10 13:51:03.759,47.3916644,8.6684848
359559,-71,32.531975,23.341616,2025-05-10 13:51:06.145,47.3918225,8.6677401
361921,-67,32.54966,23.503883,2025-05-10 13:51:08.391,47.391998,8.666962
364266,-73,32.585033,23.56699,2025-05-10 13:51:10.807,47.391998,8.666962
366647,-73,32.655785,23.563984,2025-05-10 13:51:13.278,47.3921714,8.666231
369125,-73,32.67347,23.518909,2025-05-10 13:51:15.567,47.3921714,8.666231
371432,-73,32.726532,23.407724,2025-05-10 13:51:18.482,47.392337,8.6654786
374346,-69,32.797279,23.323586,2025-05-10 13:51:21.357,47.3925015,8.6647268
377182,-71,32.744217,23.401714,2025-05-10 13:51:23.663,47.3925015,8.6647268
379525,-69,32.868027,23.503883,2025-05-10 13:51:26.076,47.3926529,8.6639924
381931,-73,32.9034,23.572998,2025-05-10 13:51:28.684,47.3928094,8.6632393
384331,-69,32.868027,24.110891,2025-05-10 13:51:30.788,47.3928094,8.6632393
386625,-69,32.9034,23.479845,2025-05-10 13:51:33.104,47.3929667,8.6624686
388975,-65,32.991837,23.329596,2025-05-10 13:51:35.491,47.3929667,8.6624686
391301,-69,33.044899,23.062153,2025-05-10 13:51:37.878,47.3931342,8.6617084
393692,-71,33.080273,23.359646,2025-05-10 13:51:40.970,47.3932957,8.6609571
396830,-71,33.115646,23.248461,2025-05-10 13:51:44.760,47.3934624,8.6601812
400572,-73,33.168709,23.095207,2025-05-10 13:51:47.655,47.3934624,8.6601812
403441,-69,33.27483,23.110231,2025-05-10 13:51:50.065,47.393631,8.6594029
405858,-71,33.416328,23.047127,2025-05-10 13:51:52.477,47.3938132,8.6585985
408277,-79,33.327892,23.666153,2025-05-10 13:51:54.951,47.3938132,8.6585985
410674,-71,33.204082,22.632439,2025-05-10 13:51:58.220,47.3939917,8.6578053
413717,0,33.292519,22.428101,2025-05-10 13:52:00.993,47.3941705,8.6570503
416059,-71,33.327892,22.304895,2025-05-10 13:52:02.532,47.3941705,8.6570503
418381,-75,33.115646,29.658091,2025-05-10 13:52:05.025,47.3942908,8.656263
420856,-73,33.080273,29.570948,2025-05-10 13:52:07.341,47.3942908,8.656263
423165,-61,32.779591,29.543903,2025-05-10 13:52:09.731,47.3943971,8.6554696
425485,-73,32.974152,22.103561,2025-05-10 13:52:15.047,47.3944824,8.6546814
430653,-65,33.097961,22.334946,2025-05-10 13:52:17.191,47.3945723,8.6538784
433008,-65,33.204082,21.745968,2025-05-10 13:52:19.663,47.3945723,8.6538784
437756,-67,32.868027,29.336557,2025-05-10 13:52:24.848,47.3946572,8.6523098
435380,-71,33.097961,27.419378,2025-05-10 13:52:26.203,47.3946572,8.6523098
440712,-67,33.221767,21.616755,2025-05-10 13:52:27.167,47.3946572,8.6523098
442992,-63,33.257141,21.664835,2025-05-10 13:52:30.050,47.3946954,8.6515247
445878,-63,33.327892,21.35532,2025-05-10 13:52:32.394,47.3947258,8.65075
448204,-69,33.434013,27.704853,2025-05-10 13:52:34.682,47.3947258,8.65075
450516,-67,33.292519,29.060101,2025-05-10 13:52:37.410,47.394744,8.6499274
453230,-63,33.39864,21.430447,2025-05-10 13:52:39.721,47.394744,8.6499274
455561,-63,33.39864,21.610744,2025-05-10 13:52:42.532,47.394789,8.6490582
458342,-63,33.469387,21.748974,2025-05-10 13:52:44.846,47.3948495,8.6482038
460674,-65,33.540138,21.812078,2025-05-10 13:52:47.161,47.3948495,8.6482038
462992,-59,33.593197,21.59572,2025-05-10 13:52:49.889,47.3949316,8.6473572
465703,-71,33.734695,21.499561,2025-05-10 13:52:52.203,47.3950268,8.6465277
468055,-55,33.75238,21.364336,2025-05-10 13:52:54.528,47.3950268,8.6465277
470346,-51,33.75238,21.520596,2025-05-10 13:52:58.614,47.3951008,8.6457089
474399,-51,33.787754,21.199062,2025-05-10 13:53:00.920,47.3951598,8.6448575
476749,-53,33.805443,21.193052,2025-05-10 13:53:03.242,47.3951598,8.6448575
479065,-53,33.823128,21.144972,2025-05-10 13:53:06.208,47.3951981,8.6439997
482004,-67,33.87619,21.111917,2025-05-10 13:53:09.167,47.3952593,8.643132
484967,-51,33.787754,21.53562,2025-05-10 13:53:11.492,47.3952593,8.643132
487309,-57,33.770069,21.37936,2025-05-10 13:53:13.800,47.3953312,8.6423054
489619,-55,33.87619,21.487541,2025-05-10 13:53:16.770,47.3954094,8.6414928
492576,-51,33.823128,21.135958,2025-05-10 13:53:19.082,47.3954094,8.6414928
494905,-51,33.87619,21.072853,2025-05-10 13:53:22.365,47.395476,8.6407858
498163,-51,33.858505,20.877529,2025-05-10 13:53:24.680,47.3955735,8.64043
500491,-51,33.858505,20.537966,2025-05-10 13:53:27.649,47.3955735,8.64043
503463,-51,33.770069,20.709249,2025-05-10 13:53:29.960,47.3955735,8.64043
505791,-51,33.946938,19.393066,2025-05-10 13:53:32.280,47.3955723,8.6399614
508111,-51,33.946938,20.598064,2025-05-10 13:53:34.602,47.3955723,8.6399614
510417,-51,34.0,20.730286,2025-05-10 13:53:37.568,47.3956438,8.6386935
513358,-51,34.017685,20.634125,2025-05-10 13:53:39.880,47.3956438,8.6386935
515695,-51,33.982315,20.877529,2025-05-10 13:53:44.845,47.3957091,8.6378111
520634,-51,34.070747,21.316256,2025-05-10 13:53:47.205,47.3957604,8.6369274
522963,-51,33.964626,21.141968,2025-05-10 13:53:49.504,47.3958198,8.6361232
525282,-51,34.0,20.979698,2025-05-10 13:53:51.800,47.3958198,8.6361232
527601,-51,34.053062,21.199062,2025-05-10 13:53:54.135,47.3958877,8.6353668
529932,0,33.946938,21.232117,2025-05-10 13:53:56.440,47.3958877,8.6353668
532241,-51,33.982315,20.952652,2025-05-10 13:53:58.760,47.3959912,8.6346176
534554,-51,34.017685,20.805408,2025-05-10 13:54:01.160,47.3961852,8.6338387
536958,-51,33.75238,20.793388,2025-05-10 13:54:03.482,47.3961852,8.6338387
539270,-51,33.823128,20.829449,2025-05-10 13:54:05.800,47.3964611,8.6330849
541595,-51,33.858505,23.266491,2025-05-10 13:54:08.939,47.3964611,8.6330849
544706,-51,33.911564,20.829449,2025-05-10 13:54:11.975,47.3967769,8.6323289
547773,-51,33.929253,21.38537,2025-05-10 13:54:14.871,47.3970863,8.6315961
550353,-51,33.911564,20.706245,2025-05-10 13:54:17.403,47.3973758,8.6309451
553182,-51,33.946938,26.472809,2025-05-10 13:54:21.089,47.3976421,8.6303273
556860,-51,34.017685,20.700233,2025-05-10 13:54:23.411,47.3976421,8.6303273
559187,-51,34.017685,20.772354,2025-05-10 13:54:25.721,47.3979039,8.6297303
561509,-51,34.053062,20.447815,2025-05-10 13:54:28.063,47.3979039,8.6297303
563849,0,34.053062,20.619099,2025-05-10 13:54:32.462,47.3981602,8.6291271
568220,-55,34.053062,20.477867,2025-05-10 13:54:34.761,47.3984171,8.6285352
570559,-53,33.982315,21.184036,2025-05-10 13:54:37.735,47.398711,8.6279897
573489,-51,33.681633,27.945251,2025-05-10 13:54:40.040,47.398711,8.6279897
575831,-55,33.504761,27.897171,2025-05-10 13:54:42.361,47.3990242,8.6274968
578160,-51,33.257141,27.843082,2025-05-10 13:54:44.715,47.3990242,8.6274968
580459,-51,33.221767,27.770962,2025-05-10 13:54:47.014,47.3993081,8.6269792
582788,-51,33.204082,19.915934,2025-05-10 13:54:49.321,47.3995557,8.6264243
585124,-51,33.416328,20.312592,2025-05-10 13:54:51.657,47.3995557,8.6264243
587455,-51,33.504761,20.559,2025-05-10 13:54:54.045,47.3997903,8.6258278
589781,0,33.451698,20.574024,2025-05-10 13:54:56.361,47.3997903,8.6258278
592148,-51,33.345577,20.417767,2025-05-10 13:54:58.681,47.4000248,8.6252576
594463,-51,33.451698,20.39072,2025-05-10 13:55:01.412,47.4002507,8.6246968
597181,-51,33.434013,22.57835,2025-05-10 13:55:03.721,47.4002507,8.6246968
599513,-51,33.469387,20.372692,2025-05-10 13:55:06.040,47.400417,8.6242915
601810,-53,33.522449,20.411757,2025-05-10 13:55:08.760,47.400417,8.6242915
604518,-51,33.133331,28.116535,2025-05-10 13:55:11.720,47.4005453,8.6242294
607470,-59,32.974152,28.104517,2025-05-10 13:55:14.374,47.4006926,8.6244666
610063,-59,32.797279,28.206684,2025-05-10 13:55:16.600,47.4006926,8.6244666
612390,-65,32.691154,28.338903,2025-05-10 13:55:19.000,47.4009283,8.6248979
614769,-65,32.531975,28.338903,2025-05-10 13:55:22.466,47.4011798,8.6253861
618189,-71,32.390476,28.456097,2025-05-10 13:55:24.841,47.4011798,8.6253861
620574,-71,32.160545,28.486149,2025-05-10 13:55:29.489,47.4017156,8.6263359
625230,-69,31.965986,28.564276,2025-05-10 13:55:31.889,47.4017156,8.6263359
627642,-63,31.806803,28.645412,2025-05-10 13:55:34.223,47.4019641,8.626726
629967,-69,31.718369,28.660437,2025-05-10 13:55:36.533,47.4019641,8.626726
632317,-71,31.594559,28.627384,2025-05-10 13:55:38.879,47.402066,8.6269139
634649,-71,31.57687,29.075125,2025-05-10 13:55:41.343,47.4022536,8.6272325
637043,-67,31.523809,28.948917,2025-05-10 13:55:43.599,47.4022536,8.6272325
639363,-71,31.4,29.129215,2025-05-10 13:55:46.000,47.4025265,8.6276772
641766,-73,31.258503,29.249414,2025-05-10 13:55:48.399,47.4025265,8.6276772
644161,-71,31.152382,29.129215,2025-05-10 13:55:50.783,47.402896,8.6280673
646531,-69,31.117008,29.336557,2025-05-10 13:55:53.207,47.4033126,8.6283564
648882,0,31.063946,29.537891,2025-05-10 13:55:55.481,47.4033126,8.6283564
651241,-75,30.97551,29.549911,2025-05-10 13:55:57.804,47.4037476,8.628649
653558,-73,30.922449,29.594986,2025-05-10 13:56:00.529,47.4037476,8.628649
656136,-73,30.745579,29.649075,2025-05-10 13:56:02.696,47.4042007,8.6289574
658443,-71,30.798639,29.718191,2025-05-10 13:56:05.002,47.4046629,8.6292633
660780,-73,30.745579,29.775288,2025-05-10 13:56:07.427,47.4046629,8.6292633
663192,-73,30.604082,29.802332,2025-05-10 13:56:09.885,47.4050807,8.6296151
665657,-71,30.515646,29.883465,2025-05-10 13:56:12.291,47.4050807,8.6296151
668001,-61,30.480272,29.913517,2025-05-10 13:56:14.611,47.4053615,8.6301207
670354,-73,30.427212,30.006672,2025-05-10 13:56:17.035,47.4056122,8.6305898
672720,-69,30.462585,30.054749,2025-05-10 13:56:19.347,47.4056122,8.6305898
675085,-69,30.303402,30.120859,2025-05-10 13:56:21.725,47.4058753,8.6310635
677386,-69,30.268028,30.153912,2025-05-10 13:56:23.983,47.4058753,8.6310635
679724,0,30.232653,30.18697,2025-05-10 13:56:26.607,47.4061252,8.6315844
682363,-69,30.12653,30.292141,2025-05-10 13:56:28.959,47.4061252,8.6315844
684698,-67,30.144218,30.355249,2025-05-10 13:56:31.247,47.4063827,8.6321503
686981,-69,30.055782,30.409338,2025-05-10 13:56:33.567,47.4066429,8.6327772
689310,-67,29.967346,30.520519,2025-05-10 13:56:35.991,47.4066429,8.6327772
691670,-65,29.967346,30.541559,2025-05-10 13:56:38.295,47.4068982,8.6334299
694038,-65,29.914286,30.586634,2025-05-10 13:56:40.615,47.4068982,8.6334299
696358,-65,29.914286,30.682791,2025-05-10 13:56:43.015,47.4072006,8.6340046
698708,-63,29.896599,30.697815,2025-05-10 13:56:45.335,47.407696,8.6340179
701075,-61,29.878912,30.271109,2025-05-10 13:56:47.655,47.407696,8.6340179
703399,-67,29.843536,30.64072,2025-05-10 13:56:49.975,47.4082181,8.6337488
705705,-59,29.808163,30.514511,2025-05-10 13:56:52.295,47.4082181,8.6337488
708022,-57,29.755102,30.85708,2025-05-10 13:56:54.615,47.4087715,8.6335077
710351,-61,29.719727,31.004324,2025-05-10 13:56:56.935,47.4087715,8.6335077
712662,-61,29.648979,30.947229,2025-05-10 13:56:59.255,47.4093397,8.6332659
714989,-63,29.578232,30.721857,2025-05-10 13:57:01.575,47.4098671,8.6331172
717314,-57,29.595919,30.860083,2025-05-10 13:57:03.903,47.4098671,8.6331172
719620,-59,29.578232,31.02536,2025-05-10 13:57:06.215,47.4102724,8.6334525
721945,-67,29.542858,31.145559,2025-05-10 13:57:08.552,47.4102724,8.6334525
724264,-65,29.525169,31.169598,2025-05-10 13:57:10.855,47.4105325,8.6339617
726590,-69,29.419048,31.325857,2025-05-10 13:57:13.175,47.4106527,8.6342458
728920,-61,29.40136,31.292805,2025-05-10 13:57:15.578,47.4106527,8.6342458
731293,-55,29.383675,31.337879,2025-05-10 13:57:17.895,47.4106538,8.6342623
733638,-55,29.259865,31.485123,2025-05-10 13:57:20.215,47.4106538,8.6342623
735942,-53,29.224491,31.620346,2025-05-10 13:57:22.535,47.4106513,8.6342578
738250,-51,29.224491,31.713501,2025-05-10 13:57:24.847,47.4106513,8.6342578
740577,-51,29.171429,31.806656,2025-05-10 13:57:27.167,47.4106512,8.6342575
742882,-61,29.100681,31.911829,2025-05-10 13:57:31.168,47.4108513,8.6348165
746864,-65,29.065306,32.215332,2025-05-10 13:57:33.480,47.4108513,8.6348165
749202,-67,29.082993,32.40765,2025-05-10 13:57:35.806,47.4108513,8.6348165
751523,-67,29.029932,32.536865,2025-05-10 13:57:38.200,47.4110947,8.6352986
753875,-59,29.012245,32.801304,2025-05-10 13:57:41.088,47.4113197,8.6357973
756791,-57,28.959183,32.80431,2025-05-10 13:57:43.400,47.4113197,8.6357973
759135,-57,28.906122,32.693127,2025-05-10 13:57:45.745,47.4114771,8.6361973
761439,-63,28.888435,32.717163,2025-05-10 13:57:48.043,47.411501,8.6362512
763755,-65,28.853062,32.720169,2025-05-10 13:57:50.360,47.411501,8.6362512
766073,-67,28.817688,32.660072,2025-05-10 13:57:53.248,47.4115223,8.6362777
768959,-63,28.711565,32.741203,2025-05-10 13:57:55.560,47.4115223,8.6362777
771277,-67,28.658504,32.753223,2025-05-10 13:57:58.368,47.4116478,8.6365744
774053,-57,28.658504,32.972588,2025-05-10 13:58:00.760,47.4118887,8.6370997
776462,-51,28.623129,33.095795,2025-05-10 13:58:03.568,47.4118887,8.6370997
779270,-57,28.570068,33.170918,2025-05-10 13:58:05.897,47.4121435,8.6376609
781592,-57,28.587755,33.176926,2025-05-10 13:58:08.284,47.4124067,8.638195
783942,-57,28.499319,33.200966,2025-05-10 13:58:10.523,47.4124067,8.638195
786224,-57,28.499319,33.237026,2025-05-10 13:58:12.843,47.4126496,8.6386198
788538,-59,28.463945,33.234024,2025-05-10 13:58:15.163,47.4126496,8.6386198
790865,-61,28.446259,33.264072,2025-05-10 13:58:17.483,47.4127482,8.6388226
793181,-61,28.499319,33.294121,2025-05-10 13:58:19.807,47.4127482,8.6388226
795494,-55,28.428572,33.234024,2025-05-10 13:58:22.120,47.4127624,8.6390758
797844,-57,28.499319,33.017662,2025-05-10 13:58:24.440,47.4125701,8.6395488
800133,-55,28.817688,25.670477,2025-05-10 13:58:26.760,47.4125701,8.6395488
802451,-51,28.906122,25.249781,2025-05-10 13:58:29.083,47.4122976,8.640182
804772,-53,28.941496,33.152889,2025-05-10 13:58:31.487,47.4122976,8.640182
807142,-61,29.153742,24.880167,2025-05-10 13:58:33.911,47.4119386,8.6408056
809541,-61,29.206802,24.702873,2025-05-10 13:58:36.295,47.411568,8.6413249
811936,0,29.259865,24.480503,2025-05-10 13:58:38.695,47.411568,8.6413249
814356,-69,29.419048,24.309219,2025-05-10 13:58:41.015,47.4111948,8.6417728
816704,-71,29.542858,24.173996,2025-05-10 13:58:43.447,47.4111948,8.6417728
819094,0,29.454422,32.621006,2025-05-10 13:58:48.677,47.4104325,8.6425935
824321,-73,29.648979,29.402668,2025-05-10 13:58:50.921,47.4104325,8.6425935
826608,-67,29.595919,32.278439,2025-05-10 13:58:55.321,47.4101209,8.6429278
829402,-71,29.719727,23.705219,2025-05-10 13:58:56.041,47.409909,8.6431215
831727,-65,29.843536,26.887497,2025-05-10 13:58:58.526,47.409909,8.6431215
834165,-65,29.985035,23.969658,2025-05-10 13:59:00.842,47.4097439,8.6433682
836524,-57,30.020409,23.906551,2025-05-10 13:59:03.569,47.4097439,8.6433682
839236,-63,30.091156,23.597038,2025-05-10 13:59:05.881,47.4094877,8.6436738
841571,-65,30.197279,23.37467,2025-05-10 13:59:09.326,47.4091772,8.6440054
844986,-81,30.055782,23.609058,2025-05-10 13:59:11.642,47.4091772,8.6440054
847321,-73,30.25034,23.221416,2025-05-10 13:59:14.209,47.4088679,8.6443685
849869,-69,30.232653,23.263485,2025-05-10 13:59:16.521,47.408718,8.6447974
852198,-69,30.338776,23.978672,2025-05-10 13:59:19.328,47.408718,8.6447974
854977,-81,30.12653,31.566257,2025-05-10 13:59:22.205,47.4086756,8.6452866
857865,-71,30.108845,23.452801,2025-05-10 13:59:24.520,47.408424,8.6455609
860204,-71,30.303402,22.857813,2025-05-10 13:59:27.088,47.408424,8.6455609
862753,-67,30.409523,22.488199,2025-05-10 13:59:29.425,47.4080934,8.6457856
865148,-69,30.374149,22.461155,2025-05-10 13:59:31.803,47.4080934,8.6457856
867476,-67,30.427212,22.488199,2025-05-10 13:59:36.768,47.4074089,8.6462936
872411,-65,30.356462,22.274845,2025-05-10 13:59:39.080,47.4074089,8.6462936
874758,-55,30.551022,22.298885,2025-05-10 13:59:42.045,47.4070853,8.6465406
877690,-69,30.639456,22.322926,2025-05-10 13:59:44.360,47.4069438,8.6468482
880035,-69,30.816326,23.266491,2025-05-10 13:59:46.680,47.4069438,8.6468482
882352,-67,30.674829,31.004324,2025-05-10 13:59:49.000,47.4069599,8.6470947
884663,-71,30.321089,30.983288,2025-05-10 13:59:51.407,47.4069599,8.6470947
887021,-65,30.285713,30.589636,2025-05-10 13:59:53.723,47.4068916,8.6472891
889385,-67,30.657143,22.368,2025-05-10 13:59:58.459,47.4065983,8.6475333
894083,-71,30.621769,21.770008,2025-05-10 14:00:00.845,47.4062516,8.6477206
896463,-65,30.692516,21.806068,2025-05-10 14:00:03.171,47.4062516,8.6477206
898855,-63,30.816326,21.902227,2025-05-10 14:00:05.515,47.4059158,8.6479272
901173,-67,30.710205,30.935207,2025-05-10 14:00:08.547,47.405604,8.6482642
904151,-71,30.710205,22.449135,2025-05-10 14:00:10.847,47.405604,8.6482642
906497,-75,30.780952,22.461155,2025-05-10 14:00:13.161,47.4052877,8.6486509
908825,-69,30.922449,22.214746,2025-05-10 14:00:15.491,47.4052877,8.6486509
911132,-71,31.010883,22.395046,2025-05-10 14:00:17.801,47.4049715,8.6490139
913448,-75,30.993198,22.371006,2025-05-10 14:00:20.159,47.4046983,8.6494128
915778,-73,31.134693,22.389036,2025-05-10 14:00:22.783,47.4046983,8.6494128
918302,0,31.134693,22.178686,2025-05-10 14:00:25.199,47.4044276,8.6497929
920711,-69,31.205442,22.022427,2025-05-10 14:00:27.567,47.4044276,8.6497929
923138,-67,31.046259,29.219364,2025-05-10 14:00:29.824,47.4041443,8.6501948
925494,-67,31.223129,30.481457,2025-05-10 14:00:32.224,47.4038632,8.6506881
927892,-65,31.258503,21.905233,2025-05-10 14:00:34.703,47.4038632,8.6506881
930314,-69,31.364626,22.265831,2025-05-10 14:00:37.103,47.403613,8.6511714
932714,-63,31.32925,29.9646,2025-05-10 14:00:39.423,47.403613,8.6511714
935114,-65,31.435375,22.57835,2025-05-10 14:00:41.839,47.4033274,8.6518059
937487,-63,31.470749,22.473175,2025-05-10 14:00:44.223,47.4029576,8.6524866
939831,-61,31.506123,22.199722,2025-05-10 14:00:46.543,47.4029576,8.6524866
942205,-55,31.594559,24.005716,2025-05-10 14:00:48.943,47.4025824,8.6531134
944610,-51,31.382313,29.949575,2025-05-10 14:00:51.343,47.4025824,8.6531134
947008,-51,31.240816,29.973614,2025-05-10 14:00:54.207,47.4022641,8.6536818
949418,-57,31.134693,29.931545,2025-05-10 14:00:56.287,47.4018922,8.6541717
951804,-57,31.046259,29.582968,2025-05-10 14:00:59.023,47.4018922,8.6541717
954255,-55,31.205442,21.430447,2025-05-10 14:01:01.287,47.4014637,8.6545524
956575,-63,31.364626,21.283201,2025-05-10 14:01:03.407,47.4014637,8.6545524
958930,-63,31.470749,21.292217,2025-05-10 14:01:08.201,47.4005988,8.6553233
963800,-61,31.647619,28.885809,2025-05-10 14:01:10.769,47.4005988,8.6553233
966394,-69,31.70068,21.184036,2025-05-10 14:01:13.081,47.4001305,8.6556143
968710,-65,31.718369,21.096893,2025-05-10 14:01:15.435,47.4001305,8.6556143
971074,-71,31.842176,20.955658,2025-05-10 14:01:19.039,47.3996282,8.6557778
974599,-71,31.930613,21.163002,2025-05-10 14:01:21.371,47.3991584,8.6560088
976951,-73,31.859863,21.394386,2025-05-10 14:01:23.651,47.3991584,8.6560088
979274,-69,31.965986,21.652815,2025-05-10 14:01:25.979,47.3987621,8.656523
981604,-63,32.001362,22.079521,2025-05-10 14:01:28.283,47.3984773,8.6572878
983907,-69,31.965986,25.577324,2025-05-10 14:01:30.641,47.3984773,8.6572878
986220,-71,31.718369,29.871445,2025-05-10 14:01:32.923,47.3982657,8.658101
988545,-71,31.647619,29.823368,2025-05-10 14:01:35.249,47.3982657,8.658101
990865,-73,31.523809,29.745235,2025-05-10 14:01:38.196,47.398061,8.6588841
993809,-71,31.488436,29.772282,2025-05-10 14:01:41.093,47.3978551,8.6597474
996683,-69,31.364626,29.949575,2025-05-10 14:01:43.408,47.3978551,8.6597474
999029,-71,31.311565,29.904501,2025-05-10 14:01:45.720,47.3976393,8.660748
1001339,-67,31.205442,29.940557,2025-05-10 14:01:48.672,47.3974537,8.6617364
1004043,-77,31.134693,30.00066,2025-05-10 14:01:50.760,47.3974537,8.6617364
1006387,-67,31.046259,29.985632,2025-05-10 14:01:53.080,47.3972781,8.662715
1008708,-65,31.046259,29.919525,2025-05-10 14:01:55.888,47.3972781,8.662715
1011491,-69,30.957823,29.98263,2025-05-10 14:01:58.432,47.3971217,8.66372
1013823,-67,30.922449,29.988642,2025-05-10 14:02:00.520,47.397004,8.6646873
1016144,-67,30.816326,30.036718,2025-05-10 14:02:03.007,47.397004,8.6646873
1018624,-69,30.798639,30.114849,2025-05-10 14:02:05.327,47.396916,8.6656308
1020963,-69,30.72789,30.217016,2025-05-10 14:02:07.656,47.396916,8.6656308
1023270,-71,30.674829,30.247066,2025-05-10 14:02:10.231,47.3968613,8.6665794
1025608,-67,30.604082,30.325199,2025-05-10 14:02:13.559,47.3968353,8.6675448
1028945,0,30.586395,30.394312,2025-05-10 14:02:15.897,47.3968353,8.6675448
1031498,-61,30.533333,30.42136,2025-05-10 14:02:18.215,47.3968301,8.6684912
1033821,-65,30.427212,30.412342,2025-05-10 14:02:20.559,47.3968155,8.6694403
1036138,-69,30.374149,30.517517,2025-05-10 14:02:22.943,47.3968155,8.6694403
1038488,-69,30.338776,30.496485,2025-05-10 14:02:25.263,47.3967041,8.6703345
1040883,-67,30.303402,30.508503,2025-05-10 14:02:27.767,47.3967041,8.6703345
1043279,-69,30.268028,30.475445,2025-05-10 14:02:30.212,47.3964811,8.6711381
1049935,-67,30.551022,24.844107,2025-05-10 14:02:36.868,47.3957998,8.672424
1052477,-75,30.409523,30.643726,2025-05-10 14:02:39.245,47.3957998,8.672424
1054843,-75,30.356462,30.343227,2025-05-10 14:02:42.180,47.3953392,8.6729473
1057782,-69,30.462585,30.643726,2025-05-10 14:02:45.449,47.3948065,8.6733315
1061019,-79,30.745579,21.776018,2025-05-10 14:02:49.575,47.3942613,8.6735792
1065160,-67,30.869389,21.785034,2025-05-10 14:02:51.885,47.3942613,8.6735792
1067497,-69,30.922449,21.884197,2025-05-10 14:02:54.207,47.3937923,8.6737941
1069798,-69,30.887074,22.283861,2025-05-10 14:02:56.529,47.3933554,8.6740108
1072145,-69,31.046259,22.187702,2025-05-10 14:02:59.039,47.3933554,8.6740108
1074590,-73,31.117008,22.232777,2025-05-10 14:03:06.614,47.3929094,8.6744591
1082176,-71,31.258503,21.932278,2025-05-10 14:03:09.022,47.3927615,8.6744927
1084609,-73,31.4,21.857153,2025-05-10 14:03:11.797,47.3927615,8.6744927
1087166,-73,31.45306,22.857813,2025-05-10 14:03:13.885,47.392635,8.6748065
1089490,-73,31.435375,22.707563,2025-05-10 14:03:20.617,47.392132,8.6756388
1096219,-65,31.417686,30.379288,2025-05-10 14:03:23.091,47.392132,8.6756388
1098645,-67,31.276192,30.355249,2025-05-10 14:03:25.405,47.3918952,8.6760523
1100988,-69,31.364626,22.425095,2025-05-10 14:03:27.725,47.3918952,8.6760523
1103303,-67,31.258503,30.352243,2025-05-10 14:03:30.368,47.3917676,8.6761613
1105910,-69,31.45306,21.842129,2025-05-10 14:03:32.693,47.3916875,8.6764
1108273,-71,31.45306,22.972002,2025-05-10 14:03:35.000,47.3916875,8.6764
1110582,-65,31.293877,30.598652,2025-05-10 14:03:37.888,47.3919051,8.6765973
1113444,-63,31.240816,30.601658,2025-05-10 14:03:40.200,47.3921796,8.6769735
1115782,-57,31.152382,30.42136,2025-05-10 14:03:42.528,47.3921796,8.6769735
1118123,-57,31.152382,30.42136,2025-05-10 14:03:44.841,47.3924867,8.6774744
1120406,-57,31.010883,30.403326,2025-05-10 14:03:48.365,47.3927372,8.6780199
1123908,-51,30.940136,30.577616,2025-05-10 14:03:52.635,47.3929254,8.678568
1128148,-69,30.869389,30.469437,2025-05-10 14:03:54.923,47.3929254,8.678568
1130489,-51,30.816326,30.697815,2025-05-10 14:03:57.240,47.3931338,8.6791268
1132805,-51,30.745579,30.64072,2025-05-10 14:03:59.968,47.3931338,8.6791268
1135508,-63,30.586395,30.550571,2025-05-10 14:04:02.312,47.3933602,8.6797521
1137844,-69,30.515646,30.703823,2025-05-10 14:04:04.609,47.393661,8.6802822
1140162,-73,30.497959,30.688801,2025-05-10 14:04:06.920,47.393661,8.6802822
1142482,-69,30.427212,30.637716,2025-05-10 14:04:09.240,47.3940724,8.680563
1144813,-75,30.409523,30.562592,2025-05-10 14:04:12.307,47.3945492,8.6805685
1147824,-77,30.427212,30.610672,2025-05-10 14:04:14.643,47.3945492,8.6805685
1150181,0,30.374149,28.783642,2025-05-10 14:04:19.321,47.3950621,8.6804492
1154829,-79,30.285713,30.854074,2025-05-10 14:04:21.649,47.3955432,8.6803233
1157168,-75,30.232653,30.923191,2025-05-10 14:04:24.131,47.3959753,8.6801991
1159531,-79,30.179592,30.956244,2025-05-10 14:04:26.633,47.3959753,8.6801991
1161962,-75,30.108845,30.830036,2025-05-10 14:04:29.136,47.396428,8.6800956
1164637,-79,30.091156,30.667767,2025-05-10 14:04:32.378,47.3969103,8.6800869
1167207,-83,29.949661,31.046392,2025-05-10 14:04:40.914,47.3980761,8.6803376
1170777,-79,29.896599,31.127529,2025-05-10 14:04:40.915,47.3980761,8.6803376
1174919,-81,29.825851,31.118511,2025-05-10 14:04:41.724,47.3980761,8.6803376
1177273,-79,29.755102,31.196644,2025-05-10 14:04:44.071,47.3987297,8.6804745
1179634,-79,29.719727,31.211666,2025-05-10 14:04:46.479,47.3987297,8.6804745
1182040,-81,29.684353,31.280783,2025-05-10 14:04:48.871,47.3993653,8.6804358
1184360,-79,29.666668,31.379948,2025-05-10 14:04:51.343,47.3993653,8.6804358
1186911,-83,29.613605,30.436382,2025-05-10 14:04:53.743,47.4000467,8.6801753
1189286,-83,29.595919,31.268763,2025-05-10 14:04:56.063,47.4007242,8.6799153
1191605,-81,29.560543,30.97728,2025-05-10 14:04:58.383,47.4007242,8.6799153
1193948,-83,29.613605,31.391968,2025-05-10 14:05:01.411,47.4014009,8.679637
1196932,-81,29.578232,31.346893,2025-05-10 14:05:03.734,47.4014009,8.679637
1199274,-81,29.525169,31.403988,2025-05-10 14:05:06.043,47.4019841,8.679404
1201586,-81,29.489796,31.406992,2025-05-10 14:05:08.458,47.402412,8.6792576
1203942,-83,29.454422,31.425022,2025-05-10 14:05:10.762,47.402412,8.6792576
1206298,-85,29.348299,31.403988,2025-05-10 14:05:13.082,47.4027594,8.6793592
1208627,-85,29.419048,31.527191,2025-05-10 14:05:17.648,47.4030772,8.6794873
1213181,-87,29.365986,31.521183,2025-05-10 14:05:19.963,47.4030772,8.6794873
1215505,-85,29.312925,31.560246,2025-05-10 14:05:22.867,47.4034212,8.6796064
1218381,-87,29.312925,31.548223,2025-05-10 14:05:25.167,47.4037491,8.6796671
1220702,-87,29.242176,31.59931,2025-05-10 14:05:28.119,47.4040566,8.6797384
1223468,-89,29.224491,31.704487,2025-05-10 14:05:30.311,47.4040566,8.6797384
1225825,-89,29.206802,31.001318,2025-05-10 14:05:32.619,47.4043379,8.679818
1228140,-89,29.189116,31.713501,2025-05-10 14:05:34.951,47.4043379,8.679818
1230458,-89,29.171429,31.76759,2025-05-10 14:05:37.335,47.4046306,8.6799328
1232782,-87,29.153742,31.812664,2025-05-10 14:05:39.655,47.4046306,8.6799328
1235122,-91,29.100681,31.887791,2025-05-10 14:05:42.012,47.4048869,8.6800112
1237519,-91,29.065306,31.893799,2025-05-10 14:05:44.311,47.4052374,8.6800955
1239838,-91,29.012245,31.944885,2025-05-10 14:05:46.686,47.4052374,8.6800955
1242162,-89,28.941496,31.941879,2025-05-10 14:05:49.426,47.4055985,8.6802212
1244591,-89,28.923809,32.010994,2025-05-10 14:05:51.618,47.4055985,8.6802212
1247027,0,28.870749,32.014,2025-05-10 14:05:54.879,47.4059354,8.6804225
1250277,-89,28.799999,32.125183,2025-05-10 14:05:57.735,47.4062479,8.6807419
1252703,-89,28.799999,32.185284,2025-05-10 14:06:01.442,47.4066175,8.6810603
1256392,0,28.799999,32.278439,2025-05-10 14:06:04.687,47.4069772,8.68134
1260057,-89,28.782312,32.350555,2025-05-10 14:06:06.943,47.4069772,8.68134
1262411,-89,28.782312,32.17627,2025-05-10 14:06:09.327,47.4073702,8.6815275
1264801,-85,28.729252,32.473763,2025-05-10 14:06:11.751,47.4073702,8.6815275
1267208,-83,28.676189,32.503811,2025-05-10 14:06:14.063,47.4078762,8.6816637
1269576,-89,28.711565,32.515831,2025-05-10 14:06:16.463,47.4084089,8.6817443
1271927,-85,28.640816,32.65406,2025-05-10 14:06:18.783,47.4084089,8.6817443
1274294,-85,28.570068,32.627014,2025-05-10 14:06:21.183,47.4089514,8.6818216
1276660,-87,28.570068,32.614994,2025-05-10 14:06:23.536,47.4089514,8.6818216
1279036,-89,28.605442,32.40765,2025-05-10 14:06:25.823,47.4095305,8.6819018
1281354,-87,28.605442,32.657066,2025-05-10 14:06:29.331,47.4101645,8.6820988
1284807,-87,28.517006,32.669086,2025-05-10 14:06:31.658,47.4101645,8.6820988
1287143,-85,28.534695,32.575932,2025-05-10 14:06:33.990,47.4108099,8.6823408
1289469,-85,28.517006,32.81633,2025-05-10 14:06:36.523,47.4114339,8.6825699
1292004,-85,28.481632,32.663074,2025-05-10 14:06:39.504,47.4114339,8.6825699
1294802,-83,28.410885,32.786278,2025-05-10 14:06:41.643,47.4120158,8.682812
1297147,-83,28.410885,32.702141,2025-05-10 14:06:43.967,47.4120158,8.682812
1299471,-83,28.322449,32.834358,2025-05-10 14:06:46.287,47.4125337,8.6830204
1301786,-83,28.304762,32.756229,2025-05-10 14:06:48.639,47.4129631,8.6831817
1304124,-83,28.251701,32.798298,2025-05-10 14:06:51.003,47.4129631,8.6831817
1306510,-83,28.251701,32.861404,2025-05-10 14:06:55.587,47.4133675,8.6833713
1310953,-87,28.234013,32.813324,2025-05-10 14:06:57.803,47.4137682,8.6835502
1313317,-87,28.216328,32.939533,2025-05-10 14:07:00.135,47.414129,8.6837454
1315615,-79,28.127892,32.939533,2025-05-10 14:07:02.447,47.414129,8.6837454
1317958,-79,28.198639,32.918499,2025-05-10 14:07:04.851,47.4144915,8.6839149
1320298,-73,28.163265,32.891453,2025-05-10 14:07:07.163,47.4144915,8.6839149
1322654,-77,28.163265,32.996628,2025-05-10 14:07:09.485,47.414836,8.6840674
1324976,-75,28.092518,32.894459,2025-05-10 14:07:12.295,47.4151998,8.6842645
1327753,-75,28.074829,33.071754,2025-05-10 14:07:14.605,47.4151998,8.6842645
1330127,-69,28.004082,32.81633,2025-05-10 14:07:17.404,47.4156481,8.6844715
1332871,-65,28.039455,32.85239,2025-05-10 14:07:20.290,47.4161861,8.6844271
1335753,-55,28.004082,32.783276,2025-05-10 14:07:22.600,47.4161861,8.6844271
1338111,-51,27.915646,33.155891,2025-05-10 14:07:24.943,47.416719,8.6843766
1340405,-51,27.880272,33.131851,2025-05-10 14:07:27.247,47.416719,8.6843766
1342742,-51,27.862585,33.170918,2025-05-10 14:07:29.561,47.417222,8.684513
1345039,-51,27.897959,33.252052,2025-05-10 14:07:32.207,47.4177069,8.6846943
1347607,-55,27.933334,33.255058,2025-05-10 14:07:34.440,47.4177069,8.6846943
1349925,-61,27.897959,33.285107,2025-05-10 14:07:37.248,47.4181871,8.6848763
1352707,-55,27.827211,33.243038,2025-05-10 14:07:39.560,47.4181871,8.6848763
1355061,-57,27.827211,33.315155,2025-05-10 14:07:41.883,47.4186479,8.6850415
1357363,-55,27.791836,33.231018,2025-05-10 14:07:44.608,47.4190719,8.6851544
1360067,-61,27.756462,32.566917,2025-05-10 14:07:46.920,47.4190719,8.6851544
1362401,-67,27.809525,33.182938,2025-05-10 14:07:49.587,47.4195334,8.6851481
1364841,-67,27.774151,33.234024,2025-05-10 14:07:51.724,47.4195334,8.6851481
1367199,-61,27.756462,33.194958,2025-05-10 14:07:54.525,47.4199927,8.6850679
1369981,-77,27.721088,33.209984,2025-05-10 14:07:56.840,47.4204566,8.685011
1372324,-65,27.685715,33.294121,2025-05-10 14:07:59.160,47.4204566,8.685011
1374645,-63,27.721088,33.312153,2025-05-10 14:08:01.484,47.4209524,8.6849489
1376952,-63,27.650341,32.885445,2025-05-10 14:08:03.800,47.4209524,8.6849489
1379272,-61,27.685715,33.065742,2025-05-10 14:08:06.124,47.4214338,8.6849928
1381599,-61,27.597279,33.393288,2025-05-10 14:08:08.443,47.4218592,8.6851447
1383916,0,27.650341,33.435356,2025-05-10 14:08:10.760,47.4218592,8.6851447
1386235,-65,27.579592,33.471416,2025-05-10 14:08:13.084,47.4222181,8.6853391
1388587,-59,27.544218,33.318161,2025-05-10 14:08:15.483,47.4222181,8.6853391
1390946,-67,27.544218,33.357227,2025-05-10 14:08:17.800,47.4225786,8.6855348
1393277,-61,27.544218,33.43235,2025-05-10 14:08:20.123,47.4227773,8.6856106
1395588,-61,27.473469,33.441368,2025-05-10 14:08:22.443,47.4227773,8.6856106
1397907,-61,27.473469,33.474422,2025-05-10 14:08:24.767,47.4229346,8.6855958
1400224,-61,27.526531,33.435356,2025-05-10 14:08:27.083,47.4229346,8.6855958
1402546,-67,27.703402,26.520889,2025-05-10 14:08:29.407,47.4230641,8.6853144
1404892,-65,27.844898,33.579597,2025-05-10 14:08:31.723,47.4230641,8.6853144
1407199,-67,27.685715,33.552551,2025-05-10 14:08:34.040,47.4232715,8.6851347
1409496,-63,27.703402,33.615654,2025-05-10 14:08:36.360,47.4233917,8.6850436
1411820,-63,27.685715,33.699795,2025-05-10 14:08:38.680,47.4233917,8.6850436
1414158,-61,27.597279,33.726841,2025-05-10 14:08:41.000,47.4235576,8.6850383
1416469,-63,27.597279,33.702801,2025-05-10 14:08:43.320,47.4235576,8.6850383
1418777,-61,27.614965,33.714821,2025-05-10 14:08:45.640,47.4238078,8.6852714
1421111,-61,27.561905,33.723835,2025-05-10 14:08:47.972,47.4238078,8.6852714
1423443,-61,27.597279,33.759895,2025-05-10 14:08:50.840,47.4241246,8.6855209
1426264,-55,27.526531,33.735855,2025-05-10 14:08:54.286,47.4244621,8.6856856
1429713,-51,27.526531,33.591614,2025-05-10 14:08:56.600,47.4248256,8.6858572
1432055,-59,27.561905,33.669746,2025-05-10 14:08:59.488,47.4248256,8.6858572
1434923,-51,27.491158,33.801964,2025-05-10 14:09:01.800,47.4251577,8.6860322
1437254,-55,27.420408,33.726841,2025-05-10 14:09:04.608,47.425469,8.6862136
1440039,-73,27.438095,33.844032,2025-05-10 14:09:06.920,47.425469,8.6862136
1442370,-53,27.491158,33.928173,2025-05-10 14:09:09.243,47.4258044,8.6863871
1444686,-59,27.438095,33.979259,2025-05-10 14:09:11.563,47.4258044,8.6863871
1447009,-55,27.438095,33.747875,2025-05-10 14:09:13.899,47.4261722,8.686579
1449323,0,27.402721,33.895119,2025-05-10 14:09:16.207,47.4265559,8.6867002
1451646,0,27.402721,33.997288,2025-05-10 14:09:18.522,47.4265559,8.6867002
1453969,-61,27.385035,34.0033,2025-05-10 14:09:20.842,47.4269397,8.6867827
1456280,-61,27.367348,33.768909,2025-05-10 14:09:23.896,47.4269397,8.6867827
1459307,-51,27.349659,34.027336,2025-05-10 14:09:26.203,47.4273148,8.6867127
1461644,-63,27.349659,34.081429,2025-05-10 14:09:28.533,47.4276398,8.6865335
1463957,-65,27.296598,34.084435,2025-05-10 14:09:30.843,47.4276398,8.6865335
1466286,-63,27.314285,34.120491,2025-05-10 14:09:33.163,47.4279461,8.6864893
1468598,-71,27.349659,33.819992,2025-05-10 14:09:36.052,47.4282133,8.6864674
1471376,-69,27.296598,34.186604,2025-05-10 14:09:38.375,47.4282133,8.6864674
1473768,-67,27.278912,34.231678,2025-05-10 14:09:40.719,47.4283815,8.6864468
1476147,-69,27.225849,34.231678,2025-05-10 14:09:43.655,47.4283815,8.6864468
1479039,-61,27.243538,34.192612,2025-05-10 14:09:46.079,47.4284351,8.6864461
1481462,-75,27.208164,34.156551,2025-05-10 14:09:48.408,47.4284476,8.6864407
1483829,-61,27.208164,34.177586,2025-05-10 14:09:51.317,47.4284476,8.6864407
1486745,-55,27.190475,34.249706,2025-05-10 14:09:53.721,47.4285497,8.6865217
1489152,-61,27.208164,34.282761,2025-05-10 14:09:56.450,47.4287084,8.6866361
1491869,-55,27.155102,34.321827,2025-05-10 14:09:58.761,47.4287084,8.6866361
1494198,-59,27.208164,34.339855,2025-05-10 14:10:01.569,47.4287806,8.6863866
1496987,-65,27.614965,26.41872,2025-05-10 14:10:03.881,47.4287806,8.6863866
1499326,-61,27.827211,26.872471,2025-05-10 14:10:06.234,47.428875,8.6860191
1501646,-55,27.986395,26.881489,2025-05-10 14:10:08.542,47.4290829,8.6855217
1503975,-55,27.897959,34.348869,2025-05-10 14:10:10.844,47.4290829,8.6855217
1506284,-55,28.074829,27.14292,2025-05-10 14:10:13.197,47.4293314,8.6849206
1508582,-51,28.234013,27.233068,2025-05-10 14:10:15.481,47.4293314,8.6849206
1510935,-51,28.304762,27.040751,2025-05-10 14:10:17.801,47.429564,8.6843139
1513219,-51,28.340136,27.02272,2025-05-10 14:10:20.768,47.4297908,8.6837336
1516161,-51,28.198639,26.899517,2025-05-10 14:10:23.080,47.4297908,8.6837336
1518497,-51,28.410885,26.424728,2025-05-10 14:10:25.888,47.4299746,8.6831722
1521282,-51,28.570068,26.397684,2025-05-10 14:10:28.232,47.4300454,8.6825795
1523626,-57,28.623129,26.037085,2025-05-10 14:10:30.520,47.4300454,8.6825795
1525938,-63,28.764626,25.024406,2025-05-10 14:10:32.840,47.4300858,8.6821776
1528250,-59,28.623129,33.762901,2025-05-10 14:10:35.160,47.4300858,8.6821776
1530578,-61,28.605442,26.385662,2025-05-10 14:10:37.480,47.4300265,8.6818842
1532895,-63,28.906122,24.717897,2025-05-10 14:10:39.800,47.4299595,8.6814038
1535213,-59,29.047619,26.256451,2025-05-10 14:10:42.122,47.4299595,8.6814038
1537533,-61,29.012245,26.085165,2025-05-10 14:10:44.440,47.4299975,8.6807626
1539851,-65,29.100681,26.322559,2025-05-10 14:10:46.848,47.4299975,8.6807626
1542283,0,28.923809,26.169306,2025-05-10 14:10:49.243,47.4301747,8.6800324
1544653,-61,29.136055,32.747215,2025-05-10 14:10:51.565,47.4305498,8.6793436
1546965,-59,29.171429,26.427734,2025-05-10 14:10:53.882,47.4305498,8.6793436
1549288,-77,28.906122,33.747875,2025-05-10 14:10:57.120,47.4305498,8.6793436
1552481,-65,28.764626,33.549545,2025-05-10 14:10:59.403,47.4310641,8.678612
1554820,-51,28.693878,33.44437,2025-05-10 14:11:02.356,47.4310641,8.678612
1557746,-61,28.658504,33.46841,2025-05-10 14:11:05.249,47.4316661,8.6778712
1560654,-63,28.570068,33.143871,2025-05-10 14:11:07.560,47.4316661,8.6778712
1562967,-61,28.587755,33.273087,2025-05-10 14:11:10.368,47.4319303,8.6774532
1565744,-65,28.463945,33.285107,2025-05-10 14:11:12.680,47.4319303,8.6774532
1568115,-69,28.693878,25.586338,2025-05-10 14:11:15.334,47.4321794,8.6770014
1570699,-69,28.853062,25.535254,2025-05-10 14:11:17.640,47.4324001,8.6765415
1573057,-69,28.888435,25.481163,2025-05-10 14:11:20.032,47.4324001,8.6765415
1575352,-71,29.012245,31.088465,2025-05-10 14:11:22.320,47.4326122,8.6760938
1577677,-73,29.047619,25.442099,2025-05-10 14:11:24.602,47.4326122,8.6760938
1579993,-75,29.065306,25.529243,2025-05-10 14:11:28.768,47.432875,8.675012
1584150,-73,29.259865,25.577324,2025-05-10 14:11:31.134,47.4330939,8.6743317
1586474,-69,29.312925,25.54427,2025-05-10 14:11:33.432,47.4330939,8.6743317
1588791,-65,29.365986,32.464745,2025-05-10 14:11:35.727,47.4334729,8.673961
1591139,-61,29.206802,32.621006,2025-05-10 14:11:38.057,47.4334729,8.673961
1593452,-73,29.029932,32.527851,2025-05-10 14:11:40.360,47.4339266,8.6736714
1595750,-81,29.012245,32.248386,2025-05-10 14:11:42.680,47.4339266,8.6736714
1598075,-85,29.012245,32.266418,2025-05-10 14:11:46.125,47.4343613,8.6733759
1601509,-85,28.888435,32.218338,2025-05-10 14:11:50.862,47.434812,8.6730977
1604387,-85,28.782312,32.152229,2025-05-10 14:11:51.747,47.4352817,8.6729002
1607141,-81,28.711565,32.152229,2025-05-10 14:11:54.223,47.4352817,8.6729002
1609548,-83,28.640816,32.452728,2025-05-10 14:11:59.315,47.4363007,8.6726461
1612238,0,28.552382,32.248386,2025-05-10 14:11:59.326,47.4363007,8.6726461
1614666,-83,28.587755,32.254398,2025-05-10 14:12:01.643,47.4363007,8.6726461
1617026,-83,28.552382,32.43169,2025-05-10 14:12:03.973,47.4369318,8.6724653
1619370,-83,28.481632,32.669086,2025-05-10 14:12:06.482,47.4369318,8.6724653
1621803,-83,28.428572,32.912491,2025-05-10 14:12:14.352,47.4382434,8.6720351
1624128,-75,28.446259,32.810318,2025-05-10 14:12:14.765,47.4382434,8.6720351
1630123,-59,28.534695,32.975594,2025-05-10 14:12:17.082,47.4387483,8.6718777
1632452,-61,28.552382,33.116829,2025-05-10 14:12:19.807,47.4392436,8.6717328
1635170,-69,28.605442,33.137863,2025-05-10 14:12:22.122,47.4392436,8.6717328
1637496,-61,28.517006,33.092789,2025-05-10 14:12:24.930,47.4397343,8.6715723
1640280,-51,28.570068,33.215992,2025-05-10 14:12:27.242,47.4402353,8.6714271
1642627,-53,28.605442,33.291119,2025-05-10 14:12:30.047,47.4402353,8.6714271
1645400,-59,28.640816,33.306141,2025-05-10 14:12:32.362,47.4406361,8.6713489
1647742,-55,28.676189,33.369247,2025-05-10 14:12:35.718,47.4408303,8.6710734
1651080,-69,28.746939,25.736588,2025-05-10 14:12:38.692,47.4408303,8.6710734
1654044,-85,29.189116,24.267151,2025-05-10 14:12:41.002,47.4408126,8.6705386
1656369,-69,29.295238,25.505203,2025-05-10 14:12:43.810,47.4408307,8.6698359
1659170,-71,29.419048,25.40604,2025-05-10 14:12:46.122,47.4408307,8.6698359
1661486,-71,29.560543,25.961964,2025-05-10 14:12:48.448,47.4408506,8.6690459
1663816,-77,29.737415,26.577984,2025-05-10 14:12:51.165,47.4410298,8.6681837
1666527,-75,29.772789,26.40069,2025-05-10 14:12:53.481,47.4410298,8.6681837
1668848,-79,29.985035,33.366241,2025-05-10 14:12:55.801,47.4412735,8.667186
1671158,-81,29.914286,25.751612,2025-05-10 14:12:58.121,47.4412735,8.667186
1673481,-81,30.073469,26.058121,2025-05-10 14:13:01.089,47.4415315,8.6661093
1676446,-77,30.108845,26.205364,2025-05-10 14:13:03.401,47.4417997,8.6650324
1678766,-79,30.055782,25.80871,2025-05-10 14:13:06.209,47.4417997,8.6650324
1681547,-79,30.179592,25.607372,2025-05-10 14:13:08.521,47.4420753,8.663962
1683886,-79,30.268028,25.664465,2025-05-10 14:13:10.841,47.4420753,8.663962
1686201,-77,30.391838,25.634418,2025-05-10 14:13:15.330,47.4427635,8.6620258
1690671,-77,30.533333,25.820728,2025-05-10 14:13:17.642,47.4427635,8.6620258
1692997,-77,30.621769,26.151276,2025-05-10 14:13:20.935,47.4432944,8.6612047
1696111,-77,30.639456,25.538258,2025-05-10 14:13:23.083,47.443819,8.6603861
1698449,-79,30.745579,25.580328,2025-05-10 14:13:25.403,47.443819,8.6603861
1700748,-85,30.763266,25.315889,2025-05-10 14:13:27.752,47.4443231,8.6595825
1703091,-83,30.657143,32.20031,2025-05-10 14:13:30.167,47.4443231,8.6595825
1705430,-85,30.427212,32.110157,2025-05-10 14:13:32.527,47.4447792,8.658788
1707798,-83,30.551022,24.152962,2025-05-10 14:13:34.938,47.4447792,8.658788
1710145,-85,30.72789,24.131926,2025-05-10 14:13:39.847,47.4447902,8.6568852
1714968,0,30.816326,21.54163,2025-05-10 14:13:41.983,47.4447902,8.6568852
1717355,-83,30.922449,21.824099,2025-05-10 14:13:44.454,47.4446261,8.6559487
1719759,-81,30.993198,21.776018,2025-05-10 14:13:47.162,47.4445206,8.6552162
1722152,-83,31.134693,22.019423,2025-05-10 14:13:53.591,47.4444288,8.6546232
1728852,-81,31.293877,21.896217,2025-05-10 14:13:55.960,47.4442922,8.6540179
1731223,-85,31.346939,22.334946,2025-05-10 14:13:58.291,47.4442922,8.6540179
1733543,-81,31.382313,22.500219,2025-05-10 14:14:00.544,47.4441804,8.6533293
1735855,-83,31.364626,22.53027,2025-05-10 14:14:02.848,47.4441804,8.6533293
1738174,-93,31.45306,23.771328,2025-05-10 14:14:05.232,47.4441442,8.6526418
1740502,-87,31.612244,25.081501,2025-05-10 14:14:07.517,47.4442564,8.6519775
1742821,-87,31.647619,25.22574,2025-05-10 14:14:09.803,47.4442564,8.6519775
1745138,-83,31.736053,25.093521,2025-05-10 14:14:13.733,47.4444385,8.6513424
1749034,-101,31.753742,24.756962,2025-05-10 14:14:16.050,47.4446802,8.6507443
1751372,-79,31.842176,24.657799,2025-05-10 14:14:18.396,47.4446802,8.6507443
1753694,-71,31.877552,25.532249,2025-05-10 14:14:20.683,47.4450088,8.6502882
1756010,-65,31.612244,31.818674,2025-05-10 14:14:24.206,47.4454665,8.6500025
1759509,-71,31.364626,31.995968,2025-05-10 14:14:26.522,47.4454665,8.6500025
1761852,-75,31.276192,31.965918,2025-05-10 14:14:29.416,47.445909,8.6497287
1764704,-73,31.223129,32.152229,2025-05-10 14:14:31.776,47.4462611,8.6495101
1767043,-75,31.152382,32.077103,2025-05-10 14:14:34.040,47.4462611,8.6495101
1769371,-73,31.063946,31.98996,2025-05-10 14:14:36.800,47.4465804,8.6493067
1772060,-83,30.97551,32.06208,2025-05-10 14:14:39.083,47.4468094,8.6490896
1774405,-79,30.940136,32.101143,2025-05-10 14:14:41.888,47.4468094,8.6490896
1777181,-79,30.834015,31.875769,2025-05-10 14:14:44.209,47.4468706,8.6490208
1779524,-83,30.763266,31.860744,2025-05-10 14:14:46.624,47.4468706,8.6490208
1781836,-81,30.674829,31.866755,2025-05-10 14:14:48.840,47.4468667,8.6490293
1784156,-79,30.621769,31.908825,2025-05-10 14:14:51.161,47.4469236,8.6490017
1786471,-81,30.533333,31.938873,2025-05-10 14:14:54.056,47.4469236,8.6490017
1789348,-83,30.515646,32.137203,2025-05-10 14:14:56.419,47.4470191,8.6488211
1791682,-73,30.551022,23.735268,2025-05-10 14:14:58.728,47.4470191,8.6488211
1793990,-79,30.763266,19.789724,2025-05-10 14:15:01.007,47.446846,8.6485677
1796330,-77,30.957823,21.078863,2025-05-10 14:15:03.982,47.4466852,8.6481622
1799269,-79,30.993198,20.549984,2025-05-10 14:15:06.291,47.4466852,8.6481622
1801592,-73,31.063946,20.303577,2025-05-10 14:15:08.601,47.4465046,8.647698
1803911,-75,31.187756,20.303577,2025-05-10 14:15:11.343,47.4463342,8.6471304
1806613,-71,31.293877,20.555996,2025-05-10 14:15:13.697,47.4463342,8.6471304
1808950,-69,31.4,21.274187,2025-05-10 14:15:15.987,47.4462194,8.646458
1811278,-73,31.45306,21.57769,2025-05-10 14:15:18.366,47.4462194,8.646458
1813584,-69,31.612244,21.265171,2025-05-10 14:15:20.624,47.4460904,8.6457572
1815909,-73,31.665306,21.081867,2025-05-10 14:15:22.931,47.4460904,8.6457572
1818221,-73,31.665306,21.433451,2025-05-10 14:15:25.243,47.4459582,8.6450425
1820539,-75,31.718369,21.454485,2025-05-10 14:15:27.998,47.4458361,8.6443371
1823252,-73,31.842176,21.466505,2025-05-10 14:15:30.283,47.4458361,8.6443371
1825592,-65,31.877552,21.433451,2025-05-10 14:15:33.115,47.4457144,8.643619
1828375,-71,31.983673,21.5236,2025-05-10 14:15:35.404,47.445586,8.6428964
1830691,-69,32.001362,21.754984,2025-05-10 14:15:38.243,47.445586,8.6428964
1833470,-71,32.089798,21.75198,2025-05-10 14:15:40.522,47.4454451,8.6421755
1835824,-75,32.142857,21.863163,2025-05-10 14:15:43.316,47.4453035,8.6414491
1838636,-73,32.089798,26.61404,2025-05-10 14:15:45.640,47.4453035,8.6414491
1840943,-71,32.266666,23.098211,2025-05-10 14:15:50.450,47.4451613,8.640657
1845716,-77,32.30204,21.358326,2025-05-10 14:15:53.095,47.4449355,8.6399684
1848356,0,32.160545,19.366022,2025-05-10 14:15:55.427,47.4445352,8.6393993
1850695,0,32.231293,18.819115,2025-05-10 14:15:57.734,47.4445352,8.6393993
1853021,-75,32.284355,18.966358,2025-05-10 14:16:00.044,47.4442036,8.6387233
1855341,-81,32.42585,20.030123,2025-05-10 14:16:02.367,47.4442036,8.6387233
1857658,-81,32.54966,21.854149,2025-05-10 14:16:04.687,47.4440984,8.6379742
1859974,-81,32.620407,24.498535,2025-05-10 14:16:07.649,47.4442472,8.6372925
1862917,-79,32.54966,31.037378,2025-05-10 14:16:09.962,47.4442472,8.6372925
1865248,-79,32.691154,23.993696,2025-05-10 14:16:12.283,47.4444654,8.6366747
1867565,-81,32.726532,24.161976,2025-05-10 14:16:14.602,47.4444654,8.6366747
1869887,-75,32.797279,23.882513,2025-05-10 14:16:17.587,47.4446796,8.6361306
1872838,-77,32.655785,24.029757,2025-05-10 14:16:19.887,47.4449021,8.6356496
1875166,-77,32.708843,27.680813,2025-05-10 14:16:22.207,47.4449021,8.6356496
1877503,-79,32.691154,22.842789,2025-05-10 14:16:24.607,47.445098,8.6350211
1879842,-79,32.726532,22.659485,2025-05-10 14:16:26.923,47.445098,8.6350211
1882202,-71,32.691154,22.752638,2025-05-10 14:16:29.243,47.4452663,8.6343777
1884524,-71,32.708843,22.770668,2025-05-10 14:16:31.569,47.4452747,8.6337358
1886844,-75,32.691154,22.142628,2025-05-10 14:16:34.528,47.4452747,8.6337358
1889783,-67,32.779591,19.414101,2025-05-10 14:16:36.849,47.4451446,8.6331638
1892144,-73,32.691154,18.179054,2025-05-10 14:16:39.173,47.4447816,8.6327726
1894434,-71,32.726532,18.392406,2025-05-10 14:16:41.503,47.4447816,8.6327726
1896749,-71,32.478912,21.833115,2025-05-10 14:16:43.801,47.4443443,8.6327471
1899114,-57,32.478912,20.880533,2025-05-10 14:16:46.688,47.4443443,8.6327471
1901941,-69,32.531975,21.072853,2025-05-10 14:16:49.000,47.4440724,8.6326441
1904269,-69,32.638096,18.004765,2025-05-10 14:16:51.804,47.4441634,8.6322022
1907077,-75,32.797279,22.389036,2025-05-10 14:16:54.121,47.4441634,8.6322022
1909393,-71,32.708843,29.832378,2025-05-10 14:16:56.933,47.4444722,8.6319375
1912176,-73,32.478912,29.853415,2025-05-10 14:16:59.250,47.4447106,8.6316176
1914513,-73,32.372787,29.865437,2025-05-10 14:17:01.563,47.4447106,8.6316176
1916833,-73,32.514286,19.119614,2025-05-10 14:17:04.363,47.444503,8.6312835
1919611,-69,32.655785,17.887569,2025-05-10 14:17:07.177,47.4441684,8.6308723
1922412,-65,32.514286,17.914616,2025-05-10 14:17:09.490,47.4441684,8.6308723
1924749,-61,32.408165,29.886471,2025-05-10 14:17:11.805,47.4439586,8.6304752
1927073,-61,32.585033,18.77404,2025-05-10 14:17:14.532,47.4439586,8.6304752
1929777,-59,32.620407,29.021032,2025-05-10 14:17:16.849,47.4438324,8.6299504
1932124,-59,32.655785,18.740986,2025-05-10 14:17:19.168,47.4436954,8.6294474
1934418,-65,32.708843,19.032469,2025-05-10 14:17:22.438,47.4436954,8.6294474
1937685,-57,32.797279,18.78005,2025-05-10 14:17:25.416,47.4435957,8.6290985
1940640,-63,32.9034,19.053503,2025-05-10 14:17:27.723,47.4435542,8.6289406
1942986,-71,32.921089,18.266197,2025-05-10 14:17:30.767,47.4435542,8.6289406
1945995,-77,32.991837,18.440487,2025-05-10 14:17:33.080,47.443556,8.6289396
1948341,-65,33.02721,18.413441,2025-05-10 14:17:35.994,47.4435447,8.6289165
1951196,-69,33.133331,18.473541,2025-05-10 14:17:38.293,47.4435447,8.6289165
1953540,-65,33.168709,18.777046,2025-05-10 14:17:40.602,47.4435242,8.6288762
1955853,-69,33.204082,18.58773,2025-05-10 14:17:43.326,47.4434841,8.6287586
1958574,-65,33.327892,19.311932,2025-05-10 14:17:45.641,47.4434841,8.6287586
1960897,-63,33.416328,21.851143,2025-05-10 14:17:47.961,47.4434737,8.6285604
1963211,-63,33.504761,18.407433,2025-05-10 14:17:50.719,47.4434737,8.6285604
1965927,-61,33.469387,17.532982,2025-05-10 14:17:53.011,47.4434385,8.6285213
1968247,-67,33.522449,17.920624,2025-05-10 14:17:55.321,47.4433842,8.6285251
1970564,-65,33.363266,29.450748,2025-05-10 14:17:58.049,47.4433842,8.6285251
1973277,-65,33.292519,20.904573,2025-05-10 14:18:00.376,47.4432574,8.6286582
1975612,-59,33.363266,22.443125,2025-05-10 14:18:02.682,47.4432574,8.6286582
1977931,-57,33.327892,29.81435,2025-05-10 14:18:05.192,47.4430989,8.6288568
1980355,-65,33.434013,20.841469,2025-05-10 14:18:07.481,47.4428675,8.6289296
1982722,-67,33.487076,20.802404,2025-05-10 14:18:10.209,47.4428675,8.6289296
1985426,-63,33.434013,20.856495,2025-05-10 14:18:12.532,47.4426617,8.6290287
1987759,-55,33.221767,29.588978,2025-05-10 14:18:14.845,47.4426617,8.6290287
1990082,-71,33.292519,20.919598,2025-05-10 14:18:17.570,47.4424349,8.6291845
1992774,-69,33.221767,29.646072,2025-05-10 14:18:19.881,47.442174,8.6293891
1995143,-67,33.345577,22.085533,2025-05-10 14:18:22.201,47.442174,8.6293891
1997440,-63,33.363266,21.081867,2025-05-10 14:18:24.929,47.4420403,8.6295032
2000149,-67,33.487076,20.964672,2025-05-10 14:18:27.247,47.4419963,8.6295337
2002479,-69,33.522449,20.970684,2025-05-10 14:18:29.561,47.4419963,8.6295337
2004794,-69,33.522449,20.985708,2025-05-10 14:18:31.884,47.441981,8.6295357
2007132,-65,33.487076,20.919598,2025-05-10 14:18:34.201,47.441981,8.6295357
2009440,-63,33.593197,20.940632,2025-05-10 14:18:37.086,47.4419027,8.6295818
2012301,-71,33.327892,22.349972,2025-05-10 14:18:40.527,47.4417563,8.6295862
2015726,-63,33.540138,20.276531,2025-05-10 14:18:42.841,47.4417563,8.6295862
2018066,-61,33.487076,21.57769,2025-05-10 14:18:45.728,47.441685,8.6298119
2020929,-63,33.133331,29.132221,2025-05-10 14:18:48.040,47.4415962,8.6301106
2023283,-61,33.080273,29.057095,2025-05-10 14:18:50.362,47.4415962,8.6301106
2025590,-67,33.009521,29.273453,2025-05-10 14:18:53.120,47.4414081,8.6305502
2028281,-69,32.797279,29.117193,2025-05-10 14:18:55.409,47.4412317,8.6310034
2030622,-73,32.744217,29.16828,2025-05-10 14:18:57.723,47.4412317,8.6310034
2032937,-67,32.602722,29.234386,2025-05-10 14:19:00.490,47.4410602,8.6315099
2035656,-71,32.496597,29.189312,2025-05-10 14:19:02.771,47.4410602,8.6315099
2037980,-67,32.390476,29.20434,2025-05-10 14:19:05.085,47.4408823,8.6321056
2040309,-77,32.355103,29.270451,2025-05-10 14:19:07.805,47.440692,8.6326779
2043005,-91,32.231293,29.234386,2025-05-10 14:19:10.129,47.440692,8.6326779
2045363,-73,32.17823,29.240398,2025-05-10 14:19:12.464,47.4405013,8.6331834
2047648,-73,32.125168,29.231384,2025-05-10 14:19:14.769,47.4405013,8.6331834
2050000,-73,32.390476,22.133612,2025-05-10 14:19:17.095,47.4403191,8.6335398
2052319,-77,32.496597,21.767004,2025-05-10 14:19:19.415,47.4401277,8.633786
2054622,-77,32.567345,21.093887,2025-05-10 14:19:21.751,47.4401277,8.633786
2056950,-77,32.726532,20.429787,2025-05-10 14:19:24.071,47.4398054,8.6337352
2059269,-75,32.585033,22.698549,2025-05-10 14:19:26.403,47.4398054,8.6337352
2061576,-77,32.832653,17.770374,2025-05-10 14:19:28.767,47.4394065,8.6332735
2063936,-69,32.797279,17.977718,2025-05-10 14:19:31.015,47.438966,8.6327343
2066226,-81,32.885715,17.71328,2025-05-10 14:19:33.351,47.438966,8.6327343
2068550,-77,32.921089,17.325638,2025-05-10 14:19:35.655,47.4385449,8.6322088
2070883,-67,32.921089,17.067209,2025-05-10 14:19:38.071,47.4385449,8.6322088
2073285,-79,33.009521,17.034153,2025-05-10 14:19:40.616,47.4381268,8.6316743
2075693,0,33.062584,16.664541,2025-05-10 14:19:43.055,47.4376642,8.631038
2078163,0,32.868027,29.405674,2025-05-10 14:19:45.488,47.4376642,8.631038
2080685,-73,32.9034,18.233143,2025-05-10 14:19:47.800,47.4372327,8.630373
2083003,-73,33.009521,18.975374,2025-05-10 14:19:50.120,47.4372327,8.630373
2085327,-67,33.115646,18.617781,2025-05-10 14:19:52.441,47.4368766,8.6297659
2087638,-57,33.133331,18.524626,2025-05-10 14:19:54.762,47.4368766,8.6297659
2089965,-59,33.133331,18.106934,2025-05-10 14:19:57.080,47.4364923,8.629074
2092279,-63,33.204082,18.040825,2025-05-10 14:19:59.496,47.436111,8.6282836
2094632,-61,33.221767,18.485561,2025-05-10 14:20:01.800,47.436111,8.6282836
2096995,-61,33.327892,19.008429,2025-05-10 14:20:04.120,47.4358223,8.6274591
2099319,-69,33.345577,19.57036,2025-05-10 14:20:06.687,47.4358223,8.6274591
2101762,-65,33.416328,19.522282,2025-05-10 14:20:08.855,47.4356687,8.6267211
2104032,-65,33.451698,19.498241,2025-05-10 14:20:11.175,47.4356048,8.6259932
2106391,-71,33.593197,20.456831,2025-05-10 14:20:13.799,47.4356048,8.6259932
2108948,-65,33.610886,21.012753,2025-05-10 14:20:16.928,47.4356491,8.6251407
2112164,-71,33.681633,21.667839,2025-05-10 14:20:19.646,47.4358028,8.6242778
2114818,-75,33.75238,21.661829,2025-05-10 14:20:21.968,47.4358028,8.6242778
2117173,-67,33.770069,21.55966,2025-05-10 14:20:24.280,47.4360516,8.6234505
2119466,-73,33.787754,21.283201,2025-05-10 14:20:27.238,47.4362237,8.6225575
2122404,-71,33.805443,21.105907,2025-05-10 14:20:30.048,47.4362237,8.6225575
2125205,-65,33.717007,20.57703,2025-05-10 14:20:32.360,47.4361681,8.621682
2127558,-57,33.75238,19.37804,2025-05-10 14:20:34.760,47.4361681,8.621682
2129945,-71,33.717007,19.555336,2025-05-10 14:20:37.728,47.4358777,8.6209915
2132882,-63,33.663944,18.515612,2025-05-10 14:20:40.040,47.4354219,8.6204573
2135219,-61,33.646259,18.136982,2025-05-10 14:20:42.605,47.4354219,8.6204573
2137777,-63,33.628571,18.124964,2025-05-10 14:20:44.936,47.4349863,8.6199853
2140125,-67,33.663944,18.338318,2025-05-10 14:20:47.444,47.4345637,8.6195085
2142416,-75,33.628571,17.977718,2025-05-10 14:20:49.560,47.4345637,8.6195085
2144736,-79,33.646259,17.526972,2025-05-10 14:20:51.894,47.4341378,8.6190192
2147058,-83,33.75238,17.99575,2025-05-10 14:20:54.299,47.4341378,8.6190192
2149463,-81,33.770069,17.557022,2025-05-10 14:20:56.778,47.4336825,8.6184469
2151974,0,33.770069,21.190046,2025-05-10 14:20:59.160,47.4332134,8.6177532
2154337,-83,33.770069,17.517956,2025-05-10 14:21:01.480,47.4332134,8.6177532
2156681,-79,33.699318,17.635151,2025-05-10 14:21:03.808,47.4327045,8.616933
2158984,-85,33.699318,16.907944,2025-05-10 14:21:06.928,47.4327045,8.616933
2162082,-81,33.663944,17.163368,2025-05-10 14:21:09.240,47.4321636,8.6160724
2164409,-79,33.734695,17.022133,2025-05-10 14:21:11.561,47.4316562,8.6152658
2166727,-73,33.75238,16.919964,2025-05-10 14:21:13.888,47.4316562,8.6152658
2169050,-77,33.823128,16.865875,2025-05-10 14:21:16.200,47.4312376,8.6144107
2171366,-75,33.893879,16.919964,2025-05-10 14:21:18.520,47.4312376,8.6144107
2173684,-77,33.823128,16.451187,2025-05-10 14:21:21.248,47.4308249,8.6134761
2176392,-73,33.840816,16.868881,2025-05-10 14:21:23.641,47.4304127,8.6125747
2178836,-73,33.87619,16.992085,2025-05-10 14:21:26.120,47.4304127,8.6125747
2181282,-73,34.0,16.956024,2025-05-10 14:21:29.008,47.4300165,8.6116711
2184172,-73,34.0,17.265537,2025-05-10 14:21:31.320,47.4295955,8.6107384
2186488,-69,34.070747,16.97105,2025-05-10 14:21:33.680,47.4295955,8.6107384
2188804,-71,34.035374,17.238493,2025-05-10 14:21:35.960,47.4291879,8.6098491
2191139,-65,34.017685,17.605103,2025-05-10 14:21:38.287,47.4291879,8.6098491
2193446,-67,34.088436,17.776386,2025-05-10 14:21:40.631,47.4288186,8.6090154
2195792,-65,34.088436,18.251173,2025-05-10 14:21:43.044,47.4284575,8.6082447
2198140,-65,34.194557,18.488567,2025-05-10 14:21:45.331,47.4284575,8.6082447
2200486,-65,34.12381,17.872543,2025-05-10 14:21:47.659,47.4280163,8.6075867
2202805,-61,34.0,17.466873,2025-05-10 14:21:49.979,47.4280163,8.6075867
2205141,-63,34.106121,16.511288,2025-05-10 14:21:52.287,47.4275196,8.6070537
2207439,-55,34.088436,16.511288,2025-05-10 14:21:54.607,47.4275196,8.6070537
2209754,-55,34.088436,15.985415,2025-05-10 14:21:57.400,47.4270333,8.6065105
2212535,-55,34.159184,16.093594,2025-05-10 14:21:59.721,47.4265691,8.6059883
2214869,-55,34.141495,16.012459,2025-05-10 14:22:02.528,47.4265691,8.6059883
2217664,-59,34.159184,15.775067,2025-05-10 14:22:04.840,47.4261111,8.6054946
2219996,-61,34.176872,16.093594,2025-05-10 14:22:07.161,47.4256954,8.6050217
2222316,-61,33.982315,16.207783,2025-05-10 14:22:09.480,47.4256954,8.6050217
2224622,-59,33.946938,16.336998,2025-05-10 14:22:12.449,47.4253158,8.6045744
2227577,-51,33.929253,16.234829,2025-05-10 14:22:14.761,47.4253158,8.6045744
2229912,-51,33.911564,15.943346,2025-05-10 14:22:17.557,47.4249324,8.604156
2232691,-51,34.017685,15.237173,2025-05-10 14:22:20.449,47.4246632,8.6038695
2235575,-51,34.088436,15.408458,2025-05-10 14:22:22.761,47.4246632,8.6038695
2237907,-51,34.070747,15.471562,2025-05-10 14:22:25.573,47.4245374,8.6037229
2240686,-51,34.12381,15.483583,2025-05-10 14:22:27.881,47.4245046,8.6036918
2243025,-51,34.229931,15.486588,2025-05-10 14:22:30.201,47.4245046,8.6036918
2245337,-51,34.265305,15.507624,2025-05-10 14:22:32.921,47.4245067,8.6036941
2248061,-51,34.282993,15.543683,2025-05-10 14:22:35.802,47.4245071,8.6036945
2250932,-51,34.24762,15.435503,2025-05-10 14:22:39.247,47.4245071,8.6036945
2254361,-51,34.265305,15.396437,2025-05-10 14:22:41.572,47.4245071,8.6036945
2256689,-51,34.336056,15.558706,2025-05-10 14:22:43.881,47.4245071,8.6036945
2259020,-51,34.300682,15.582747,2025-05-10 14:22:46.680,47.4245071,8.6036945
2261799,-51,34.336056,15.588758,2025-05-10 14:22:49.562,47.4245071,8.6036945
2264676,-51,34.371429,15.324318,2025-05-10 14:22:52.440,47.4245071,8.6036945
2267588,-51,34.442177,15.399443,2025-05-10 14:22:54.840,47.4245071,8.6036945
2269962,-51,34.406803,15.180079,2025-05-10 14:22:57.568,47.4243793,8.6035956
2272680,-51,34.070747,15.778071,2025-05-10 14:22:59.880,47.4240925,8.6032529
2275003,-51,34.300682,16.243843,2025-05-10 14:23:02.693,47.4240925,8.6032529
2277800,-51,34.389114,16.222809,2025-05-10 14:23:05.001,47.4236653,8.6027742
2280132,-57,34.353741,16.14468,2025-05-10 14:23:07.800,47.4232916,8.6023218
2282920,-51,34.300682,16.652521,2025-05-10 14:23:10.680,47.4232916,8.6023218
2285784,-51,34.353741,16.306948,2025-05-10 14:23:13.645,47.4229699,8.6019228
2288719,-65,34.282993,16.039505,2025-05-10 14:23:15.960,47.4225966,8.6015172
2291083,-51,34.24762,16.054529,2025-05-10 14:23:18.773,47.4225966,8.6015172
2293836,-51,34.389114,15.838171,2025-05-10 14:23:21.092,47.4222373,8.6011147
2296202,-51,34.371429,15.567721,2025-05-10 14:23:23.400,47.4218595,8.6006645
2298516,-51,34.088436,27.816036,2025-05-10 14:23:26.374,47.4218595,8.6006645
2301456,-53,34.12381,27.930225,2025-05-10 14:23:28.927,47.4214584,8.6002074
2304017,-55,33.805443,27.948254,2025-05-10 14:23:33.648,47.4210478,8.5997556
2308762,-51,33.487076,27.957272,2025-05-10 14:23:35.961,47.4206589,8.5993292
2311085,-51,33.292519,27.915201,2025-05-10 14:23:41.807,47.4203026,8.5989184
2316884,-57,33.557823,16.333992,2025-05-10 14:23:44.126,47.4199715,8.5985345
2319229,-59,33.540138,16.841835,2025-05-10 14:23:46.928,47.4199715,8.5985345
2322005,-67,33.292519,17.034153,2025-05-10 14:23:49.243,47.4197894,8.5982822
2324346,-57,33.522449,17.031149,2025-05-10 14:23:51.647,47.4197716,8.5982465
2326747,-65,33.522449,17.460861,2025-05-10 14:23:54.046,47.4197716,8.5982465
2329127,-65,33.557823,18.142994,2025-05-10 14:23:56.360,47.4196978,8.5980458
2331466,-63,33.610886,19.341982,2025-05-10 14:23:59.332,47.4196453,8.5977206
2334404,-63,33.663944,19.627457,2025-05-10 14:24:01.732,47.4196453,8.5977206
2336830,-65,33.575508,19.269863,2025-05-10 14:24:04.040,47.4196189,8.5976098
2339143,-61,33.557823,19.759674,2025-05-10 14:24:06.360,47.4196189,8.5976098
2341460,-61,33.522449,18.771034,2025-05-10 14:24:09.248,47.4194843,8.5973028
2344327,-71,33.504761,17.9056,2025-05-10 14:24:11.560,47.4192523,8.5968775
2346687,-67,33.557823,16.95903,2025-05-10 14:24:13.880,47.4192523,8.5968775
2348978,-67,33.27483,28.266785,2025-05-10 14:24:16.200,47.4190016,8.5963958
2351309,-69,33.363266,16.321972,2025-05-10 14:24:18.631,47.4190016,8.5963958
2353660,0,33.487076,16.670551,2025-05-10 14:24:21.561,47.4187594,8.595862
2356624,-67,33.540138,16.685577,2025-05-10 14:24:23.918,47.4185392,8.5952687
2358986,-69,33.575508,17.292583,2025-05-10 14:24:26.209,47.4185392,8.5952687
2361290,-71,33.646259,17.986734,2025-05-10 14:24:28.529,47.4184225,8.5946236
2363611,-75,33.646259,18.72596,2025-05-10 14:24:30.844,47.4184225,8.5946236
2365933,-65,33.681633,17.76737,2025-05-10 14:24:33.570,47.4182786,8.59397
2368629,-69,33.681633,16.391087,2025-05-10 14:24:35.880,47.417935,8.5935278
2370971,-67,33.699318,16.069553,2025-05-10 14:24:38.687,47.417935,8.5935278
2373752,-57,33.699318,16.183743,2025-05-10 14:24:41.003,47.417556,8.5930855
2376112,-51,33.734695,16.72464,2025-05-10 14:24:43.321,47.4172755,8.5924916
2378406,-51,33.787754,16.977058,2025-05-10 14:24:46.062,47.4172755,8.5924916
2381125,-51,33.770069,17.596087,2025-05-10 14:24:48.361,47.4170598,8.5918933
2383443,-51,33.823128,17.454853,2025-05-10 14:24:51.169,47.416772,8.5914167
2386225,-51,33.858505,16.835825,2025-05-10 14:24:53.481,47.416772,8.5914167
2388569,-51,33.805443,22.644459,2025-05-10 14:24:55.801,47.4164125,8.5910161
2390879,-55,33.823128,15.402448,2025-05-10 14:24:58.209,47.4164125,8.5910161
2393241,-57,33.823128,15.835165,2025-05-10 14:25:00.521,47.4160404,8.5904895
2395611,0,33.646259,24.161976,2025-05-10 14:25:02.840,47.4160404,8.5904895
2397915,-51,33.805443,16.655525,2025-05-10 14:25:05.160,47.4157531,8.5899441
2400232,-51,33.770069,16.541336,2025-05-10 14:25:07.560,47.4156227,8.5894401
2402632,-61,33.840816,17.869539,2025-05-10 14:25:09.883,47.4156227,8.5894401
2404967,-65,33.929253,19.906918,2025-05-10 14:25:12.203,47.4156423,8.589207
2407274,-65,33.858505,20.168352,2025-05-10 14:25:14.551,47.4156423,8.589207
2409643,-61,33.858505,19.753666,2025-05-10 14:25:16.927,47.4156484,8.5890187
2412026,-59,33.929253,20.405746,2025-05-10 14:25:19.367,47.4156344,8.5887741
2414418,-63,33.982315,20.426781,2025-05-10 14:25:21.735,47.4156344,8.5887741
2416783,-63,33.946938,15.131999,2025-05-10 14:25:24.055,47.4154639,8.5885098
2419150,-65,33.964626,15.423483,2025-05-10 14:25:26.552,47.4154639,8.5885098
2421584,-63,33.946938,16.084579,2025-05-10 14:25:29.079,47.4152541,8.5879987
2424115,-63,34.070747,16.087585,2025-05-10 14:25:31.655,47.4150515,8.5873726
2426670,-59,34.070747,16.361038,2025-05-10 14:25:34.535,47.4150515,8.5873726
2429600,-63,34.106121,16.697596,2025-05-10 14:25:38.885,47.4149047,8.5868041
2433936,-61,34.265305,17.863529,2025-05-10 14:25:41.880,47.4148189,8.5862294
2436766,-61,34.265305,18.843155,2025-05-10 14:25:44.040,47.4148075,8.5856537
2439119,-57,34.318367,19.723614,2025-05-10 14:25:46.360,47.4148075,8.5856537
2441425,-59,34.318367,20.015099,2025-05-10 14:25:49.088,47.4148079,8.5850238
2444139,-59,34.353741,20.252491,2025-05-10 14:25:51.400,47.4148229,8.5843401
2446466,-59,34.389114,20.580036,2025-05-10 14:25:53.720,47.4148229,8.5843401
2448776,-53,34.442177,20.438801,2025-05-10 14:25:57.895,47.414877,8.5836536
2451139,0,34.353741,20.429787,2025-05-10 14:25:59.721,47.4149258,8.5830458
2454747,-51,34.371429,20.105247,2025-05-10 14:26:02.052,47.4149258,8.5830458
2457116,-51,34.300682,18.028805,2025-05-10 14:26:05.327,47.414883,8.5826075
2460360,-51,34.406803,17.803429,2025-05-10 14:26:07.641,47.4148636,8.5824937
2462709,-51,34.353741,18.076883,2025-05-10 14:26:09.964,47.4148636,8.5824937
2465015,-51,34.336056,17.986734,2025-05-10 14:26:12.768,47.4148654,8.5825041
2467801,-51,34.282993,17.890575,2025-05-10 14:26:15.080,47.4148654,8.5825043
2470135,-51,34.24762,17.956684,2025-05-10 14:26:18.048,47.4148654,8.5825043
2472927,-51,34.336056,17.887569,2025-05-10 14:26:20.200,47.4148654,8.5825042
2475258,-51,34.229931,17.827469,2025-05-10 14:26:23.008,47.4148654,8.5825042
2478038,-53,34.282993,17.73732,2025-05-10 14:26:25.320,47.4148654,8.5825042
2480374,-51,34.265305,17.677219,2025-05-10 14:26:28.128,47.4148654,8.5825042
2483157,-51,34.265305,17.740326,2025-05-10 14:26:30.440,47.4148654,8.5825042
2485491,-51,34.24762,17.782394,2025-05-10 14:26:32.768,47.4148654,8.5825042
2487802,-51,34.265305,17.722296,2025-05-10 14:26:35.080,47.4148538,8.5824273
2490143,-51,34.282993,18.103928,2025-05-10 14:26:37.400,47.4148538,8.5824273
2492440,-51,34.265305,18.173042,2025-05-10 14:26:40.288,47.4147455,8.5821377
2495312,-51,34.229931,15.273233,2025-05-10 14:26:42.600,47.4147455,8.5821377
2497640,-53,33.982315,21.156992,2025-05-10 14:26:45.405,47.4143737,8.5821433
2500428,-51,34.12381,19.663515,2025-05-10 14:26:48.516,47.4138752,8.5821746
2503530,-57,33.929253,27.446423,2025-05-10 14:26:51.729,47.4133705,8.5822071
2506729,-65,33.628571,27.596674,2025-05-10 14:26:54.685,47.4133705,8.5822071
2509703,-67,33.345577,27.521549,2025-05-10 14:26:57.565,47.4128551,8.5822104
2512584,-51,33.380951,18.939314,2025-05-10 14:26:59.880,47.4124021,8.5822152
2514909,-55,33.39864,18.804089,2025-05-10 14:27:02.200,47.4124021,8.5822152
2517244,-51,33.469387,18.75,2025-05-10 14:27:04.520,47.4122047,8.582198
